,cell_line,drug,min_dose,max_dose,time,alpha,beta,gamma,delta,mape,auc,auc_norm
0,LN229,Drug00,-2.363612413940753,0.9995654886602768,72,1.066764002337501,10.119093227100288,1.010099950767653,5.817182040841964e-06,0.0748667872706413,3.561257368598636,0.9926249059029948
1,LN229,Drug00,-2.363612413940753,0.9995654886602768,120,1.0707336669895375,2.896289604134807e-13,-3.036132325630545,0.9180733688516723,0.0473314146122599,3.344357662810004,1.0000005158155378
2,LN229,Drug01,-2.363612413940753,0.9995654886602768,72,1.2024317934312996,13.536420427455765,-0.3863160663049218,1.55231385688393,0.1158725026756395,4.5288871352052364,1.1199050576038017
3,LN229,Drug01,-2.363612413940753,0.9995654886602768,120,1.0000000480640117,10.611434836094958,-1.7501234816530988,0.8442757884142621,0.0046761390357453,2.934984787049276,0.8726819907309576
4,LN229,Drug02,-2.363612413940753,0.9995654886602768,72,0.9998158428216394,11.929728693033464,-1.0542915600460974,0.7369093233686576,0.1004629426008794,2.822586141118796,0.839416206373537
5,LN229,Drug02,-2.363612413940753,0.9995654886602768,120,1.0708286892363057,1.7034707174300825,0.619821135311731,0.3881513588957023,0.0307110791552054,3.3067560169895844,0.9181943261681178
6,LN229,Drug03,-2.363612413940753,0.9995654886602768,72,1.1009880676824422,14.473778617134156,0.3160994252813553,1.8760956490165923,0.0417409245882335,4.232578467569585,1.143069311374345
7,LN229,Drug03,-2.363612413940753,0.9995654886602768,120,0.972171870211864,13.0742086377493,0.0120004940213091,0.4868402337191435,0.022900888837035,2.7902904164358,0.8534076193380052
8,LN229,Drug04,-2.363612413940753,0.9995654886602768,72,1.259060899500423e-13,1.4040903818047163,-2.7802966839312613,1.2612205461353856,0.0762305325272896,4.151560033038317,1.2332002900454002
9,LN229,Drug04,-2.363612413940753,0.9995654886602768,120,1.01754578854168,11.339514648117117,0.3595744178672467,0.6249160176245627,0.0306401542684738,3.170907962561916,0.926573413191049
10,LN229,Drug05,-2.363612413940753,0.9995654886602768,72,1.1821331176406542,9.8866152533003,0.3901969120072494,1.9809552538183284,0.0530387163433208,4.462501120461858,1.122437358284644
11,LN229,Drug05,-2.363612413940753,0.9995654886602768,120,1.0150354972256024,6.884600699572535,-0.0471767180115205,0.9860085841093756,0.0210456248711956,3.383361259422802,0.991099600114874
12,LN229,Drug06,-2.363612413940753,0.9995654886602768,72,0.9142420808007492,13.98237706781694,0.9298737045694448,1.223431456230959,0.1047993083516378,3.097274774032796,1.0073228542417656
13,LN229,Drug06,-2.363612413940753,0.9995654886602768,120,1.0717501979510031,2.450597444379804,0.7214018916058996,4.022412158634944e-11,0.0483497036463709,3.270453034812788,0.9073284224211596
14,LN229,Drug07,-2.363612413940753,0.9995654886602768,72,0.9999999947729228,13.270673136889105,-1.6575769196892811,1.551759725452895,0.161883257632916,4.829282064623014,1.4359282287723618
15,LN229,Drug07,-2.363612413940753,0.9995654886602768,120,1.0685517892352887,10.44772639318063,0.3613614777148051,0.2740411456707908,0.0277487086225835,3.0866698787820788,0.8589042806030979
16,LN229,Drug08,-2.363612413940753,0.9995654886602768,72,1.0468395513323854,6.155898405516552,-0.625237715148709,0.9223596966797526,0.1053706493657588,3.318452379959881,0.9425526664115726
17,LN229,Drug08,-2.363612413940753,0.9995654886602768,120,0.988875973496844,10.8198858445302,0.3703748875618111,1.0461259053795309,0.0106341835021374,3.36178694188952,1.0108309247657783
18,LN229,Drug09,-2.363612413940753,0.9995654886602768,72,0.9999999956415244,13.259164181698493,-1.6524330721670124,1.4377000212199122,0.1032748722341059,4.523957725845323,1.345143752677439
19,LN229,Drug09,-2.363612413940753,0.9995654886602768,120,0.968396471445574,9.1405808554933,1.1071054080883638,8.347658186302735e-06,0.0318367877827176,3.2523374120799584,0.998602285559994
20,LN229,Drug10,-2.363612413940753,0.9995654886602768,72,1.0999236875589964,0.5348972986038658,0.6760198514481588,0.2975813225953354,0.0559593843032527,3.1202894919341446,0.8579632396975823
21,LN229,Drug10,-2.363612413940753,0.9995654886602768,120,1.036082237396414,12.065191951094484,0.3683607149734199,0.1857468185592053,0.0149144855162144,2.9477931097422854,0.8459660419262052
22,LN229,Drug11,-2.363612413940753,0.9995654886602768,72,0.9524043378990258,12.557478904880664,0.2836947799070528,0.1173956134736568,0.0719438612809285,2.6053469361642705,0.813381626366271
23,LN229,Drug11,-2.363612413940753,0.9995654886602768,120,0.990151967235447,1.730487334045565,-0.0413239824123145,0.0534121934819942,0.0064278219607147,2.351350961361404,0.7061632542620964
24,LN229,Drug12,-2.363612413940753,0.9995654886602768,72,1.043456517390101,6.353498295872677,-1.426043941005074,0.8502696726977603,0.1165605679412812,3.040734084023464,0.8664716031439771
25,LN229,Drug12,-2.363612413940753,0.9995654886602768,120,1.1183209529544151,0.5335849612282305,0.4179217899969149,0.0602522128567245,0.0909611960181632,2.83042451789537,0.7758592567429226
26,LN229,Drug13,-2.363612413940753,0.9995654886602768,72,0.9999999953526928,11.939720894026124,-1.6644723030655963,1.2357405091356055,0.0964162885418565,3.9911995246913423,1.1867345869293016
27,LN229,Drug13,-2.363612413940753,0.9995654886602768,120,1.0392939692937615,9.851865845295178,1.0994795818795513,0.3126102754421483,0.0413245565628015,3.492170599741066,0.9990959618601084
28,LN229,Drug14,-2.363612413940753,0.9995654886602768,72,2.67426223505094,10.930599929737372,-2.4261258411347635,0.6528627318784213,0.0855518268521585,2.210826529358624,0.657356702268822
29,LN229,Drug14,-2.363612413940753,0.9995654886602768,120,0.988833437540491,9.221854753096473,1.0865990322026615,1.665053157685408e-05,0.0239559055083439,3.318810117038267,0.9979514665585116
30,LN229,Drug15,-2.363612413940753,0.9995654886602768,72,8.695164084349488e-05,7.810353789731425,-2.439779383731973,1.2541467335049543,0.1596348401129511,4.202126602777797,1.2494434405048185
31,LN229,Drug15,-2.363612413940753,0.9995654886602768,120,1.0062624683167114,10.625761283127131,1.119229598156498,0.0889679895093411,0.0270979610762812,3.38228517289519,0.9994224626684408
32,LN229,Drug16,-2.363612413940753,0.9995654886602768,72,2.7281553884667087,0.3910766236246042,-3.0362479944603,7.793450347981953e-13,0.2970200703496328,1.2403649284635527,0.3829179036620221
33,LN229,Drug16,-2.363612413940753,0.9995654886602768,120,1.1988220536808172,0.99180816445328,-1.68977881337296,0.063571597197788,0.1124889234076109,1.074360318922234,0.3200174966960912
34,LN229,Drug17,-2.363612413940753,0.9995654886602768,72,1.3974541694934282e-05,10.2863706617477,-2.3899253331959573,1.5362040021954515,0.079066885494454,5.138682364638905,1.5279239447567974
35,LN229,Drug17,-2.363612413940753,0.9995654886602768,120,0.9541647277079272,12.855446274395586,-0.3414711731623324,1.040414414022949,0.0468098023126035,3.324689719087773,1.0360433356522742
36,LN229,Drug18,-2.363612413940753,0.9995654886602768,72,0.7975278905695197,12.063496557041296,-0.3552248801035887,0.9175387677174364,0.0961870014810088,2.844817758778321,1.0606173560564425
37,LN229,Drug18,-2.363612413940753,0.9995654886602768,120,0.9267290201221626,14.119873374169776,0.3297130462424272,1.124122876591164,0.0392780701310805,3.248979319050115,1.0424238592543922
38,LN308,Drug00,-2.363612413940753,0.9995654886602768,72,1.3062421684130896e-05,9.731744186870795,-2.42446418057758,1.255741321202829,0.0655931823002774,4.210519813689766,1.2519465632079363
39,LN308,Drug00,-2.363612413940753,0.9995654886602768,120,1.0337469396237762,13.12056647338371,-0.9963740388356658,1.174817710700932,0.0505393466086195,3.758243592391352,1.0809879379474456
40,LN308,Drug01,-2.363612413940753,0.9995654886602768,72,1.062734997203163,8.881589079192452,-0.6940500443743425,0.5554719810427928,0.2119131729622859,2.7150583354112507,0.7596339070291411
41,LN308,Drug01,-2.363612413940753,0.9995654886602768,120,1.0621012779067471,10.871506148285162,1.0767609441900547,0.1484889210700467,0.0302732414162026,3.567100061577015,0.9986182985760635
42,LN308,Drug02,-2.363612413940753,0.9995654886602768,72,1.0430026886743728,11.886120613732997,0.3559276320183006,0.870899039649288,0.0358776954429596,3.3970311709836816,0.9684211441939382
43,LN308,Drug02,-2.363612413940753,0.9995654886602768,120,0.9323618713696196,1.9071877511738933,0.7338916288189168,1.3764595585612088e-20,0.0485822680005814,2.8304390317014647,0.902651267079392
44,LN308,Drug03,-2.363612413940753,0.9995654886602768,72,1.0010661808038417,0.512375918162854,1.6722010691804827,0.3308685882507514,0.0481967180741058,3.1596572043388376,0.9438440525552682
45,LN308,Drug03,-2.363612413940753,0.9995654886602768,120,0.9731476221928,1.3407158892677264,0.851640337654504,4.821541267374041e-10,0.0155031694319303,2.9742605336532923,0.9088070256261296
46,LN308,Drug04,-2.363612413940753,0.9995654886602768,72,1.1111773208806124,10.1830893503756,1.0492431714180692,5.522580967384166e-05,0.1258999957899794,3.7242194244207,0.9965567868778704
47,LN308,Drug04,-2.363612413940753,0.9995654886602768,120,1.1961370497143249,11.726348531460156,0.9549889605903608,0.091110187400207,0.0595450251744688,3.9628225809570887,0.9850853163060176
48,LN308,Drug05,-2.363612413940753,0.9995654886602768,72,1.0116588922029794,6.369531463602105,0.0554230500507538,1.158444713687125,0.1526504071202425,3.540975564372758,1.0407321855379728
49,LN308,Drug05,-2.363612413940753,0.9995654886602768,120,3.122358291109516,2.3055393588353525,-3.036247156754049,0.9402829562508368,0.0225620804644635,3.173742857205024,0.9436820582535034
50,LN308,Drug06,-2.363612413940753,0.9995654886602768,72,0.9267058319882212,10.1045181193526,0.4789192082000359,0.2053038329548409,0.0924378655311992,2.741081138795501,0.8794884780768182
51,LN308,Drug06,-2.363612413940753,0.9995654886602768,120,1.0101675313776488,9.876801952175578,0.4386999882421366,0.2187704968522823,0.0258681994703608,2.9535057251932684,0.86934982451019
52,LN308,Drug07,-2.363612413940753,0.9995654886602768,72,0.979346881518874,9.545834181401794,0.4402059665473266,0.2720696603087784,0.0223428229892393,2.898095395214815,0.8798857641103713
53,LN308,Drug07,-2.363612413940753,0.9995654886602768,120,0.99561563270873,10.439934325498424,0.350024712632739,0.1047793707380344,0.0156920188479072,2.769798012362544,0.8271924299382587
54,LN308,Drug08,-2.363612413940753,0.9995654886602768,72,1.000000000012753,15.708403758801314,-1.698554607135085,0.6908274540640812,0.0118493582409407,2.5289932433519,0.7519653484258738
55,LN308,Drug08,-2.363612413940753,0.9995654886602768,120,1.035029396847252,0.3130414666213354,1.6722010691801246,0.6308843839904028,0.0237833841953146,3.2417240742942,0.95045578845793
56,LN308,Drug09,-2.363612413940753,0.9995654886602768,72,1.162516536625611,6.232089785159244,0.0007914857249517,0.7006916338276681,0.2331049971351978,3.448491201370239,0.8820234709165905
57,LN308,Drug09,-2.363612413940753,0.9995654886602768,120,1.1164616015158075,9.666130389353505,1.0549647884280982,0.5726937105875345,0.0465473286031102,3.748611093569139,0.9983360510281531
58,LN308,Drug10,-2.363612413940753,0.9995654886602768,72,1.0179490830975375,0.6027473353383358,0.7197372072118303,2.8276885631616e-30,0.271743764177162,2.769072241118318,0.8200362369670172
59,LN308,Drug10,-2.363612413940753,0.9995654886602768,120,0.9310911351905748,3.881695197014418,0.8879502263080773,0.0098882165855529,0.0341172044783755,2.9962516792745832,0.956833248044352
60,LN308,Drug11,-2.363612413940753,0.9995654886602768,72,1.1335307150360368,14.564656836209355,0.2104409578212569,0.077139950975707,0.039268439171314,2.978641586656861,0.7813311070782882
61,LN308,Drug11,-2.363612413940753,0.9995654886602768,120,0.9986748557209076,2.2155561782072044,-0.1452300854035951,0.0858512675542851,0.0058881371035512,2.313207343998285,0.6887243444826636
62,LN308,Drug12,-2.363612413940753,0.9995654886602768,72,1.0179613746784235,12.516260131618068,0.2697666597830075,0.5717596799913623,0.0288227587763456,3.097947726782808,0.904884074700396
63,LN308,Drug12,-2.363612413940753,0.9995654886602768,120,0.9451942413034472,10.114339649329606,1.038008277102714,8.52800020289913e-06,0.0654779038804764,3.164955467915488,0.995627069482234
64,LN308,Drug13,-2.363612413940753,0.9995654886602768,72,0.8251438541070706,13.705761943977926,1.0039266179268445,0.1981703752231,0.2446681117283149,2.762655037135695,0.9955134898040504
65,LN308,Drug13,-2.363612413940753,0.9995654886602768,120,1.0176256002050976,10.891845366736646,0.3838936658063022,1.1582573877749232,0.0126807583661413,3.509038961839209,1.0252985083914654
66,LN308,Drug14,-2.363612413940753,0.9995654886602768,72,2.9445996519516866,10.448259678962476,-2.425733473691964,0.5637298592855836,0.3207548676320406,1.9159557690030848,0.5696778230950943
67,LN308,Drug14,-2.363612413940753,0.9995654886602768,120,1.0249703712231857,3.748248201688524,0.4888306961451799,1.1055865169444357,0.0150412088802389,3.4884442537646603,1.011976983356677
68,LN308,Drug15,-2.363612413940753,0.9995654886602768,72,3.1070255649188936,10.7791953993435,-2.4352081070929894,0.6436245386051925,0.1581388914551593,2.1801338807677397,0.6482280539473021
69,LN308,Drug15,-2.363612413940753,0.9995654886602768,120,1.908595923133561,0.0206805956345339,-3.03624799445885,2.2900585611740816e-12,0.0732072131275301,3.029857948104417,0.95939925021828
70,LN308,Drug16,-2.363612413940753,0.9995654886602768,72,3.815749227648461,0.7610434856516919,-3.036247994460932,0.1300757661372721,0.0876425786494959,0.9998871128100096,0.2981210743298689
71,LN308,Drug16,-2.363612413940753,0.9995654886602768,120,5.542347061607384,1.063994302529353,-3.036247994460959,0.1217532204461546,0.1938705436731834,0.7987965615759727,0.2383256197792541
72,LN308,Drug17,-2.363612413940753,0.9995654886602768,72,2.9346692432855783,8.907396810306773,-2.4472362683125524,0.6519118738606504,0.1681508648466782,2.2109116814976035,0.6573668304979277
73,LN308,Drug17,-2.363612413940753,0.9995654886602768,120,3.012564106788121,11.47858586184186,-2.4495959705102432,0.7926173520293763,0.0268886958899495,2.6739507128533395,0.7950640468195219
74,LN308,Drug18,-2.363612413940753,0.9995654886602768,72,1.1790297739138973,10.470983450136073,0.9746463010672178,0.2731093433942815,0.0733446904856169,3.926284708675941,0.9901640979280272
75,LN308,Drug18,-2.363612413940753,0.9995654886602768,120,0.9490044554460636,13.188724873895392,-0.425028237761675,1.1009233808894652,0.0334505404862257,3.4080935621375588,1.0678086058124612
76,T98G,Drug00,-2.363612413940753,0.9995654886602768,72,0.9661873401799148,0.6401004445793496,1.1923621518587406,4.085738047070316e-18,0.0364846582901174,2.885081899633437,0.892565791914353
77,T98G,Drug00,-2.363612413940753,0.9995654886602768,120,1.06598112808024,12.167924301489212,0.979388078013518,0.0380978224352893,0.0534536417189928,3.5478382114974867,0.9896108539609454
78,T98G,Drug01,-2.363612413940753,0.9995654886602768,72,1.000867833999333,13.40718985229417,-0.3307611841020938,0.9228730409359116,0.0395302226866305,3.2623380291818616,0.9691754080732056
79,T98G,Drug01,-2.363612413940753,0.9995654886602768,120,1.0543324368403155,32.56270033554767,0.8546208911010549,1.192089209092101,0.0392966021947731,3.5658746885175083,1.0056310365227998
80,T98G,Drug02,-2.363612413940753,0.9995654886602768,72,1.0741115082549466,13.809836202932653,-0.330035649586331,0.8977270959565858,0.0704321974663236,3.3779071741316407,0.9350794231605573
81,T98G,Drug02,-2.363612413940753,0.9995654886602768,120,1.7284709761491597,0.1666652153016143,-3.036247994460908,0.3887963940164329,0.0351567314211369,2.6330851224417144,0.8049243653509532
82,T98G,Drug03,-2.363612413940753,0.9995654886602768,72,0.9905297399095092,6.798258403597619,-1.433182291816681,1.0940201551517117,0.0683098903012773,3.5830938079879617,1.075575241470804
83,T98G,Drug03,-2.363612413940753,0.9995654886602768,120,0.9775599637593888,1.4580990397353522,1.1873513613570854,2.07276737835881e-13,0.026882409892952,3.16344139883519,0.9622090363752148
84,T98G,Drug04,-2.363612413940753,0.9995654886602768,72,0.9859307794818938,6.904443089864461,-0.6663996885502078,1.0823475890068055,0.0329693566121804,3.4764876582139608,1.0484420384350364
85,T98G,Drug04,-2.363612413940753,0.9995654886602768,120,0.9741363762349772,1.0683917747403735,-1.6972330229617,1.1796038030702434,0.0595389616171791,3.815591213407458,1.1260335267706023
86,T98G,Drug05,-2.363612413940753,0.9995654886602768,72,1.060233739264979,10.982849788438497,0.3657557305815039,1.2371221978539166,0.0399547271864559,3.677868315398344,1.0314417681141863
87,T98G,Drug05,-2.363612413940753,0.9995654886602768,120,1.0840922232166472e-05,9.118442527044078,-2.4405368264309324,1.1988681524970657,0.0480462643358286,4.021650232990442,1.195788373076993
88,T98G,Drug06,-2.363612413940753,0.9995654886602768,72,0.9533670237089452,10.658396488809162,0.3699825634500898,0.6028424263361518,0.031233195294472,2.98565860305165,0.9311725818037784
89,T98G,Drug06,-2.363612413940753,0.9995654886602768,120,1.0798345717029665,10.584211530244623,0.4042704070566133,0.7350140938712876,0.0678819003423516,3.426405828447351,0.9434778998545332
90,T98G,Drug07,-2.363612413940753,0.9995654886602768,72,1.0737871530052754,2.945528726295166,0.97488584860061,1.0452151915752328e-13,0.0352642368849837,3.487793113609165,0.9657899267602756
91,T98G,Drug07,-2.363612413940753,0.9995654886602768,120,1.1188306463077926,7.729437114311943,0.4496418000740699,0.4140371031820456,0.0412792397202745,3.3752416177396065,0.8969963435691757
92,T98G,Drug08,-2.363612413940753,0.9995654886602768,72,1.0687203216672596,10.183621383843722,1.0993081168000078,0.3340876358402238,0.0820156092303706,3.5914121049411643,0.9991974883277608
93,T98G,Drug08,-2.363612413940753,0.9995654886602768,120,1.000000000000579,14.227138973325284,-1.697138978729361,1.1185056710102943,0.0410837652002232,3.682752675024691,1.095021667462351
94,T98G,Drug09,-2.363612413940753,0.9995654886602768,72,1.0271417332970398,13.795223198846688,0.2728158682298862,0.8603046013731549,0.0450224543930927,3.3332115579640518,0.9649007923227042
95,T98G,Drug09,-2.363612413940753,0.9995654886602768,120,0.9944989817789578,7.872872405676724,-1.45313608676689,1.116751406312935,0.0546197344152857,3.6445257134745135,1.0896495187428188
96,T98G,Drug10,-2.363612413940753,0.9995654886602768,72,0.9785734618054795,10.901088651574822,1.0581580085381657,0.1270045460412106,0.052075314407049,3.284100026380884,0.9978680134444904
97,T98G,Drug10,-2.363612413940753,0.9995654886602768,120,0.9803994849014726,10.531329970532134,1.0679934148150796,0.5846240380363021,0.0156192029141989,3.2944151123569965,0.9991378378380928
98,T98G,Drug11,-2.363612413940753,0.9995654886602768,72,1.063717710241261,1.5631070330374786,0.191343138225689,0.1449919124897404,0.0549827703626416,2.8214092353801834,0.7887291848043774
99,T98G,Drug11,-2.363612413940753,0.9995654886602768,120,1.1182937939863549,3.0107007599932,0.5469643332323351,2.3685536899301e-14,0.0416383702077487,3.248028648500812,0.863602908454594
100,T98G,Drug12,-2.363612413940753,0.9995654886602768,72,1.0246254191541408,1.5982749794403872,0.5061998232126766,0.2149027896857554,0.0757088653804538,3.0133409412559304,0.8744645203076256
101,T98G,Drug12,-2.363612413940753,0.9995654886602768,120,0.9043718305498402,1.322169600014201,1.2639822111923598,8.788380205626499e-12,0.0376185632252818,2.9317879309338752,0.9639236311446274
102,T98G,Drug13,-2.363612413940753,0.9995654886602768,72,1.2443093553493765,0.3459702728332352,-3.036247994460959,0.8487399473321986,0.0239799663051801,3.0636763938108427,0.915739123324112
103,T98G,Drug13,-2.363612413940753,0.9995654886602768,120,0.9910767215633628,7.611841401780625,-0.6667454837479462,1.0970097089056408,0.0090137868224241,3.509684628892595,1.052957827101324
104,T98G,Drug14,-2.363612413940753,0.9995654886602768,72,0.9960365753951694,0.5974328371655808,0.1780997881746304,0.0143388611797601,0.0626757092278067,2.364964599585343,0.7270686437209253
105,T98G,Drug14,-2.363612413940753,0.9995654886602768,120,1.016512003965496,1.4006481662496764,0.4903570920741121,3.3667284906673918e-21,0.0421892578401747,2.8453611139838078,0.832374422921501
106,T98G,Drug15,-2.363612413940753,0.9995654886602768,72,1.1927875023501424,0.3934020295743211,-3.0362478328200857,0.8928606270862475,0.0229541390837443,3.138167490024754,0.9344972105596292
107,T98G,Drug15,-2.363612413940753,0.9995654886602768,120,0.962853563215463,11.177738799245612,1.0290608116622548,0.429094637058068,0.0651785040689231,3.23028537034854,0.9975411218278688
108,T98G,Drug16,-2.363612413940753,0.9995654886602768,72,4.294075358927129,0.8981613321804188,-3.0362479944609566,0.1763487933074976,0.1075269163186319,1.0350162055908232,0.308752799656439
109,T98G,Drug16,-2.363612413940753,0.9995654886602768,120,5.723671419012575,1.250817528627823,-3.036247994460959,0.3124885088847552,0.2823601614502438,1.303855114766705,0.3900183778731504
110,T98G,Drug17,-2.363612413940753,0.9995654886602768,72,16.043138624514597,3.858471973003809,-2.8551580984287144,0.8091394632212895,0.0435848158295563,2.7428985339541185,0.8155649799557205
111,T98G,Drug17,-2.363612413940753,0.9995654886602768,120,9.805851766472683,8.932901687278791,-2.5370044669873413,0.7511917646902643,0.0514431685802155,2.5386576049667866,0.7548336899633138
112,T98G,Drug18,-2.363612413940753,0.9995654886602768,72,0.9999999995612756,13.4838355328579,-1.6860306356337404,1.1535233002737892,0.086385090289665,3.775479482504261,1.1225928550545496
113,T98G,Drug18,-2.363612413940753,0.9995654886602768,120,1.076825001660631,13.195608987562151,-0.922647282274045,1.2453702950963592,0.0568540618909408,3.945533966076381,1.089458809947494
114,UW228-3,Drug00,-2.363612413940753,0.9995654886602768,72,3.0710240472211665e-05,9.808948535018867,-2.46247921154157,1.1072031887326623,0.0189598135239273,3.718729053440234,1.1057187142506175
115,UW228-3,Drug00,-2.363612413940753,0.9995654886602768,120,1.056164931498469,10.27407599770394,1.09084935925033,0.1910613720614814,0.0418848421743759,3.5480773283474667,0.9988758019572376
116,UW228-3,Drug01,-2.363612413940753,0.9995654886602768,72,1.13721760408184,10.957183630266652,0.3657638252698289,0.9314285885373385,0.0572177648094663,3.694235695210884,0.9658978192042316
117,UW228-3,Drug01,-2.363612413940753,0.9995654886602768,120,0.962949566059741,12.48266377948982,0.3396491819822722,0.5808812920235177,0.0356970096509559,2.986437617513616,0.9221468025291198
118,UW228-3,Drug02,-2.363612413940753,0.9995654886602768,72,1.0797381926097445,1.274864953088119,1.248286544420121,4.0679822105298253e-13,0.0471183523212574,3.4866986227002115,0.9601893786385322
119,UW228-3,Drug02,-2.363612413940753,0.9995654886602768,120,0.9687088799616272,0.9596873977458964,0.6489091885559548,4.283276125039841e-20,0.0739461673529599,2.7526918941359995,0.8460036082840822
120,UW228-3,Drug03,-2.363612413940753,0.9995654886602768,72,1.008032979960802,0.4409317089775497,1.6722010691804827,0.2679951846182306,0.0363419706351721,3.104167599532748,0.9267502387965042
121,UW228-3,Drug03,-2.363612413940753,0.9995654886602768,120,1.0494537133935948,1.866160341449202,0.9635289213342568,1.965750563845568e-13,0.0278531515073816,3.340571848557146,0.9464724039675044
122,UW228-3,Drug04,-2.363612413940753,0.9995654886602768,72,1.0336021149040824,15.342398686865444,1.0030224769705125,0.0740612125061655,0.0750620012854066,3.4589687956525266,0.9950465860015938
123,UW228-3,Drug04,-2.363612413940753,0.9995654886602768,120,1.0550993186181392,12.109560137304657,0.3607457088701301,0.290481459540806,0.0185967199643672,3.060033700562715,0.8623489243977946
124,UW228-3,Drug05,-2.363612413940753,0.9995654886602768,72,0.9865215602513994,27.656531466544305,0.8317701294747365,1.1011594215585006,0.0185913392310794,3.337083254169931,1.0057976571328475
125,UW228-3,Drug05,-2.363612413940753,0.9995654886602768,120,1.055986038130993,0.5197634874711262,-0.7928851344251818,0.7714831949893559,0.0258856339787453,3.048963186346024,0.8902659770137454
126,UW228-3,Drug06,-2.363612413940753,0.9995654886602768,72,1.198137219875553,0.87802429624166,0.2286812863458876,0.6314733630015225,0.0824239562022663,3.5406645166336537,0.8808697413353151
127,UW228-3,Drug06,-2.363612413940753,0.9995654886602768,120,0.951347265202484,2.2139194285812005,0.3455384716347814,0.2992584639648356,0.0193418034907892,2.768585918249795,0.865305351952438
128,UW228-3,Drug07,-2.363612413940753,0.9995654886602768,72,1.0062188373855607,14.389754300211091,0.3260975420803605,0.4312078309099778,0.0366625024695714,2.99684147728052,0.8855671264121447
129,UW228-3,Drug07,-2.363612413940753,0.9995654886602768,120,1.105012637092131,12.327992282934328,0.2937109749879798,0.1893438742619527,0.0316783944676104,3.070025153826636,0.8260852128529174
130,UW228-3,Drug08,-2.363612413940753,0.9995654886602768,72,1.0128406339859934,5.849760044326062,-0.6853675642172901,0.9223185816831206,0.0274112131605816,3.253839641138777,0.9552239185342064
131,UW228-3,Drug08,-2.363612413940753,0.9995654886602768,120,0.9999999994518036,13.788106498687949,-1.6861739994269904,1.1541180814787746,0.0424414384168943,3.77709891948324,1.1230743750923688
132,UW228-3,Drug09,-2.363612413940753,0.9995654886602768,72,1.0568235266594468,12.221226859278111,1.0102047895301791,0.5636542552249532,0.0476991532866584,3.5445657708417606,0.9972653404232182
133,UW228-3,Drug09,-2.363612413940753,0.9995654886602768,120,0.9785220617597766,6.727704013212688,-1.4273112211516177,1.097978178063123,0.0732137975513741,3.580849037946958,1.0880917642188597
134,UW228-3,Drug10,-2.363612413940753,0.9995654886602768,72,1.1480347797377528,2.622741596334298,0.4205013254395227,0.407012626311458,0.044306797548427,3.4282845888621902,0.8879162297604866
135,UW228-3,Drug10,-2.363612413940753,0.9995654886602768,120,0.9576426732067446,1.690305716075482,0.1503969803418662,0.0211419291470734,0.017271950892337,2.4168172085626964,0.7504372552387217
136,UW228-3,Drug11,-2.363612413940753,0.9995654886602768,72,1.0307746747281723,1.6925890990125032,-0.0855789698219964,0.093680280326945,0.0153419064053872,2.4463526195360634,0.7057656314720705
137,UW228-3,Drug11,-2.363612413940753,0.9995654886602768,120,1.0404052778168638,11.927350204092312,-0.3219352581537814,0.107337904895755,0.0683849494230969,2.266018809960085,0.6476063866118125
138,UW228-3,Drug12,-2.363612413940753,0.9995654886602768,72,1.0065038655435483,1.03470798802403,0.968212573019116,0.5228554342679413,0.014592275697343,3.236691584743236,0.9563359663778772
139,UW228-3,Drug12,-2.363612413940753,0.9995654886602768,120,0.9918843758732095,9.734524562875643,0.3956209427985465,0.7302841878940326,0.0266145554761416,3.1778915927287623,0.9526386288062112
140,UW228-3,Drug13,-2.363612413940753,0.9995654886602768,72,1.0413562904765434,7.422899892522038,-1.3592236671643991,0.9227328743135174,0.045568461661912,3.222458837436233,0.9201067030807364
141,UW228-3,Drug13,-2.363612413940753,0.9995654886602768,120,1.0515720121094805,1.728819688042358,0.5678508364109203,0.7655062906480757,0.0407447270173423,3.401272435318271,0.961730900409971
142,UW228-3,Drug14,-2.363612413940753,0.9995654886602768,72,0.9322414002014128,9.42176463399851,1.0726339987712357,4.98460439989922e-06,0.035070460769301,3.127283581244431,0.997445184844583
143,UW228-3,Drug14,-2.363612413940753,0.9995654886602768,120,0.9838751461279496,12.717189228369753,-0.409369991469968,0.8868504957964466,0.0153058477643072,3.1722456780765937,0.9586873207437728
144,UW228-3,Drug15,-2.363612413940753,0.9995654886602768,72,1.0234469466438605,10.65928683323737,0.4390093672881822,0.938594286798736,0.021705968912194,3.3944694738852954,0.9861812290628502
145,UW228-3,Drug15,-2.363612413940753,0.9995654886602768,120,1.142592296192614,13.58177196038076,-1.091058029936929,0.9694605252832568,0.0690511575454052,3.4807878101576843,0.905808552593544
146,UW228-3,Drug16,-2.363612413940753,0.9995654886602768,72,7.577864792413057,1.328616031903355,-3.0362479944602545,0.1577208140494392,0.211385913921315,0.8220120207654915,0.2448550005309944
147,UW228-3,Drug16,-2.363612413940753,0.9995654886602768,120,5.489025096978705,1.105631754190721,-3.036247994460959,0.1890173476726893,0.2063537875480368,0.9809654949597828,0.2919305005270994
148,UW228-3,Drug17,-2.363612413940753,0.9995654886602768,72,1.133489981001679,5.808856944228646,-0.7401894742240173,1.0705647504456064,0.060230129264415,3.7026539747753207,0.9712825831264934
149,UW228-3,Drug17,-2.363612413940753,0.9995654886602768,120,1.0402328347756582,6.537487458301318,-1.4007839338997967,0.9233714280188866,0.0555564227277394,3.217979877189974,0.9198202148783284
150,UW228-3,Drug18,-2.363612413940753,0.9995654886602768,72,0.945156735545574,6.918111082792371,-1.3464440099898427,1.0905978140046733,0.0343602400327559,3.519936398201677,1.1073403763140757
151,UW228-3,Drug18,-2.363612413940753,0.9995654886602768,120,0.9776666287272644,8.895229436168313,0.4861077271091849,1.1117414263948415,0.0170549319433795,3.3569087246102955,1.0209368990695886
